username,userID,role
modennehy0,3885,admin
dsandsallan1,7408,admin
vdoe2,5500,admin
mkanwell3,2988,admin
fvanoort4,1982,admin
ksearby5,1001,admin
rbaline6,4621,admin
bteaz7,1697,admin
mferres8,4108,admin
lwalker9,2470,admin
jfarebrothera,869,admin
rpulfordb,991,admin
cfeldhammerc,9813,admin
wjohansend,9013,admin
ibalsome,5812,admin
cvalaf,5569,admin
nmoyleg,9452,admin
sbrownswordh,612,admin
smacgalli,4871,admin
dchiversj,5070,admin
nsifleetk,6289,admin
ksudronl,5537,admin
ehubbocksm,2826,admin
welamn,5074,admin
ogoodayo,8338,admin
amcgennisp,2779,admin
vhayesq,3627,admin
gblinmanr,2005,admin
kchittems,2077,admin
ftosneyt,8070,admin
tgerauldu,2966,admin
hduleyv,6924,admin
econnochiew,5009,admin
tstammersx,7036,admin
ctilneyy,3465,admin
sjeenesz,6920,admin
rilyuchyov10,9515,admin
dlegalle11,7232,admin
mshoppee12,4424,admin
nmckitterick13,5727,admin
klockyear14,4549,admin
nsambedge15,9322,admin
ntaggett16,2958,admin
gtales17,688,admin
jsweeney18,2291,admin
dwrixon19,1015,admin
sziemecki1a,5505,admin
leasen1b,4604,admin
gcauthra1c,7515,admin
cdudin1d,4951,admin
mhoudmont1e,3504,admin
ccannam1f,2371,admin
cfitzhenry1g,4511,admin
dleonardi1h,535,admin
vfawthorpe1i,1383,admin
jkenright1j,2380,admin
loverstone1k,6847,admin
oenrietto1l,8653,admin
kbaptie1m,9902,admin
farnauduc1n,8929,admin
vgalego1o,2049,admin
caustin1p,275,admin
ojurgensen1q,6099,admin
tlovelady1r,9264,admin
ishoubridge1s,8773,admin
blaverick1t,2394,admin
thighnam1u,6485,admin
tbelk1v,4416,admin
rgoodram1w,5459,admin
pwisker1x,2867,admin
lgookes1y,114,admin
cleonida1z,617,admin
sespino20,5802,admin
fedgeson21,9543,admin
dmcduffy22,8831,admin
gpletts23,7673,admin
dtitmuss24,7420,admin
nlieb25,7723,admin
fbedbrough26,8740,admin
dhuxstep27,3611,admin
dweatherburn28,6767,admin
romar29,237,admin
aworviell2a,6580,admin
fcawthorn2b,2327,admin
tcapnerhurst2c,6888,admin
emckerron2d,9196,admin
cbuckham2e,7675,admin
dsoall2f,5122,admin
ctruett2g,9909,admin
mclorley2h,9687,admin
eharvard2i,1037,admin
omcterlagh2j,8719,admin
ctersay2k,6707,admin
stottie2l,4602,admin
church2m,1108,admin
rmcgifford2n,304,admin
kmilland2o,2642,admin
bhalfhead2p,7023,admin
wfellgate2q,6657,admin
fkupisz2r,9777,admin
