username,name,surname,specialty,doctorAMKA,ADMIN_userID,role
grickets0,Gearalt,Rickets,general practitioner,1488371806,237,doctor
tbrabant1,Tilly,Brabant,general practitioner,1536444170,4424,doctor
wlainge2,Wenonah,Lainge,orthopeadic,2719163996,3611,doctor
ajude3,Abby,Jude,orthopeadic,5033601199,8831,doctor
cwillcott4,Corine,Willcott,optician,5908316296,9196,doctor
mfitzroy5,Marris,Fitzroy,optician,7149133584,6847,doctor
afriel6,Abdul,Friel,general practitioner,9578103506,8773,doctor
tjanjic7,Thomasina,Janjic,optician,8480507055,2049,doctor
hmohan8,Hyacinthie,Mohan,general practitioner,1191908704,991,doctor
cmackrell9,Cort,Mackrell,general practitioner,8742179394,7673,doctor
jbunclarka,Jackquelin,Bunclark,orthopeadic,2480819396,2988,doctor
ckarolovskyb,Cale,Karolovsky,orthopeadic,6510504790,6888,doctor
mbarberc,Mikey,Barber,orthopeadic,6492655648,1697,doctor
tdymidowskid,Tedra,Dymidowski,orthopeadic,5845081386,2470,doctor
rnutkinse,Reggy,Nutkins,optician,1790943809,6099,doctor
etwattf,Elane,Twatt,optician,3983157033,2470,doctor
snannonig,Sibelle,Nannoni,orthopeadic,9642416026,535,doctor
aalldridgeh,Alano,Alldridge,general practitioner,8916903068,8338,doctor
pponceti,Pryce,Poncet,general practitioner,8092680469,8773,doctor
chumanj,Cymbre,Human,optician,6447888345,7408,doctor
tscuphamk,Tatiana,Scupham,orthopeadic,7634338834,4602,doctor
zforsardl,Zacharia,Forsard,orthopeadic,9476298278,5009,doctor
bfrostdykem,Bing,Frostdyke,optician,5053500053,9196,doctor
aconfortn,Andie,Confort,orthopeadic,6272889968,9515,doctor
pcadmano,Park,Cadman,general practitioner,3798573492,9902,doctor
ycraythornp,Yuma,Craythorn,general practitioner,9519023143,3504,doctor
brichingsq,Brina,Richings,optician,5578695116,5122,doctor
ptwentymanr,Porty,Twentyman,general practitioner,4742326873,5505,doctor
elyons,Evelina,Lyon,orthopeadic,1698489218,8338,doctor
sswinneyt,Sloane,Swinney,general practitioner,3863068084,275,doctor
kcreweu,Kippie,Crewe,optician,0894357905,2394,doctor
crockellv,Cyril,Rockell,orthopeadic,9063838301,7408,doctor
kvoulesw,Kass,Voules,optician,7505825836,6099,doctor
btollerx,Bobinette,Toller,orthopeadic,4253376746,6707,doctor
rcorleyy,Ronnie,Corley,general practitioner,4454165505,688,doctor
wbeltonz,Windham,Belton,optician,8231060103,2470,doctor
bduplain10,Billy,Duplain,general practitioner,5123802142,2470,doctor
swhaymand11,Samaria,Whaymand,orthopeadic,6149293556,8653,doctor
nscholig12,Nikkie,Scholig,general practitioner,5533316922,2958,doctor
nschenfisch13,Neala,Schenfisch,general practitioner,8877200391,612,doctor
darni14,Dawna,Arni,optician,5983823310,8929,doctor
clomax15,Correy,Lomax,optician,7058201501,6099,doctor
dpudge16,Damita,Pudge,general practitioner,0987008625,8929,doctor
civel17,Christine,Ivel,orthopeadic,3864770130,237,doctor
tblunsden18,Tully,Blunsden,orthopeadic,5608650956,4602,doctor
amathieu19,Auroora,Mathieu,orthopeadic,0656898046,5505,doctor
ijunifer1a,Iolanthe,Junifer,optician,2553896492,4951,doctor
acranefield1b,Astrix,Cranefield,orthopeadic,6269812240,8719,doctor
ksnawden1c,Kinna,Snawden,general practitioner,0165124660,6580,doctor
oiglesia1d,Orbadiah,Iglesia,orthopeadic,5276386390,617,doctor
itweed1e,Imojean,Tweed,optician,6755596922,3627,doctor
rolek1f,Reinaldo,Olek,optician,5670501977,1697,doctor
bsorensen1g,Brittan,Sorensen,optician,2821646682,6924,doctor
dkeyson1h,Dody,Keyson,optician,2062655347,2371,doctor
pwisson1i,Paco,Wisson,orthopeadic,6443909402,1108,doctor
twhebell1j,Thibaut,Whebell,general practitioner,5662999627,275,doctor
bclappson1k,Becky,Clappson,orthopeadic,1722726628,5812,doctor
dducrow1l,Dacy,Ducrow,orthopeadic,7475756564,6099,doctor
dboni1m,Diarmid,Boni,optician,1539540375,7408,doctor
gmaulkin1n,Gasparo,Maulkin,general practitioner,4473045641,1037,doctor
tpudney1o,Theo,Pudney,orthopeadic,9317996329,2291,doctor
cdaveren1p,Candy,Daveren,orthopeadic,7717142430,7673,doctor
dcumberledge1q,Doti,Cumberledge,orthopeadic,6760921194,4511,doctor
bskegg1r,Bernard,Skegg,optician,8819727919,1982,doctor
qodowd1s,Quintana,O'Dowd,orthopeadic,1105645584,7723,doctor
egofford1t,Ernestus,Gofford,orthopeadic,9413834709,5459,doctor
jcaslane1u,Jayne,Caslane,orthopeadic,0581639022,2005,doctor
akryszkiecicz1v,Angel,Kryszkiecicz,general practitioner,3260741437,991,doctor
bkopisch1w,Brit,Kopisch,orthopeadic,7775106298,6767,doctor
druggen1x,Dee dee,Ruggen,orthopeadic,1979420114,1383,doctor
dsymcoxe1y,Demetri,Symcoxe,optician,3292411122,4511,doctor
rfinch1z,Rog,Finch,general practitioner,2297517556,4604,doctor
wbillingham20,Wilhelm,Billingham,general practitioner,1856670678,7023,doctor
alinskill21,Addi,Linskill,orthopeadic,5501523973,4951,doctor
eplaskett22,Ernest,Plaskett,optician,4417558787,9687,doctor
druben23,Dena,Ruben,orthopeadic,8962923963,5459,doctor
eticksall24,Emily,Ticksall,orthopeadic,4718107644,4602,doctor
adewdney25,Armstrong,Dewdney,orthopeadic,9837611510,2327,doctor
acecere26,Alaster,Cecere,orthopeadic,6228968165,4604,doctor
dvesty27,Devonne,Vesty,optician,0095094725,9902,doctor
sdymick28,Sisely,Dymick,general practitioner,4740091518,2049,doctor
msheircliffe29,Mahmoud,Sheircliffe,orthopeadic,6391181705,2826,doctor
nhaspineall2a,Nicolai,Haspineall,general practitioner,2554460019,2958,doctor
vviveash2b,Viola,Viveash,orthopeadic,1735232599,5505,doctor
mgenn2c,Marne,Genn,optician,3447717696,1001,doctor
shebborn2d,Stewart,Hebborn,general practitioner,8604311440,8070,doctor
etwell2e,Essy,Twell,general practitioner,2835107762,1015,doctor
lmoreing2f,Lebbie,Moreing,orthopeadic,8114248246,2327,doctor
himore2g,Hildegaard,Imore,optician,2419914899,2958,doctor
mdowty2h,Michaeline,Dowty,optician,9990062781,5727,doctor
jculpin2i,Joan,Culpin,optician,3527202781,5070,doctor
ltzar2j,Lou,Tzar,orthopeadic,2340012791,1383,doctor
rserle2k,Raf,Serle,general practitioner,1238561551,2966,doctor
tstubbings2l,Terry,Stubbings,orthopeadic,0428888666,4951,doctor
mkurton2m,Mohandis,Kurton,orthopeadic,6033616596,6289,doctor
ladamson2n,Lanni,Adamson,orthopeadic,9942197729,6888,doctor
nbolderson2o,Nollie,Bolderson,optician,6437859407,6847,doctor
nkinde2p,Nikolia,Kinde,general practitioner,8436722000,2958,doctor
jlascell2q,Janifer,Lascell,general practitioner,7825646037,2380,doctor
ppimlock2r,Pasquale,Pimlock,orthopeadic,2495236715,8653,doctor
