username,name,surname,patientAMKA
aadamo0,Andre,Adamo,1689232803
dmacdwyer1,Darsie,MacDwyer,1754284043
mcluse2,Missy,Cluse,4881583816
mhellard3,Maurita,Hellard,1786780895
dporteous4,Donia,Porteous,3412983284
cowen5,Caril,Owen,0860490351
smunson6,Sherwood,Munson,1238433588
sannable7,Smitty,Annable,6877429060
bwichard8,Blair,Wichard,3611590150
carmsby9,Connie,Armsby,0800470664
dbeetlesa,Devan,Beetles,5948008177
dgoodenoughb,Deerdre,Goodenough,8160640528
jmohringc,Jecho,Mohring,1392202590
dstrutd,Drucie,Strut,4592399560
rplacidoe,Randy,Placido,6975950814
bcucinottaf,Blisse,Cucinotta,6175483324
mygog,Missie,Ygo,2732146889
gtilbyh,Gardner,Tilby,6477722526
cleroyi,Carin,Leroy,8500975318
pkiffinj,Prudence,Kiffin,6430069567
mspyerk,Marissa,Spyer,2438829192
mmackiesonl,Maddalena,Mackieson,9016291253
gfellmanm,Galvin,Fellman,2511337207
fpaolaccin,Fabe,Paolacci,9393884943
ctrenbeyo,Claudina,Trenbey,1451034962
htomalap,Hernando,Tomala,2814345869
rmiddlerq,Rodney,Middler,1049814452
lmainr,Lurline,Main,3578911143
dhuckerbys,Daisi,Huckerby,6863347164
jschollart,Janene,Schollar,4168599817
cbreckinu,Chan,Breckin,7711406169
ggarcesv,Glen,Garces,7940201816
pdursleyw,Patti,Dursley,9776489427
renderwickx,Raine,Enderwick,2178584691
hpeterffyy,Howey,Peterffy,3065948737
dvasilkovz,Damien,Vasilkov,5649647135
ckun10,Cazzie,Kun,9788668240
gbeagley11,Ginger,Beagley,0952144867
lbryett12,Lloyd,Bryett,0406620075
dladlow13,Dyna,Ladlow,2815018845
rendersby14,Ronny,Endersby,9476759410
kvasechkin15,Kevyn,Vasechkin,4398781129
dgurg16,Davida,Gurg,2566503559
lgyppes17,Loree,Gyppes,9266508551
lhicken18,Liv,Hicken,0278150780
isessuns19,Ingeborg,Sessuns,3511464250
fblum1a,Fernanda,Blum,4452711936
gvine1b,Ginnie,Vine,0696460459
dkale1c,Dolley,Kale,6132047379
dcicero1d,Dennie,Cicero,3822651125
lbarwood1e,Lloyd,Barwood,4017070000
kolyunin1f,Kandy,Olyunin,7487707113
aneillans1g,Alfy,Neillans,9384422878
bsnawden1h,Brodie,Snawden,0859916456
slarkkem1i,Sarah,Larkkem,2266658166
hvolks1j,Hansiain,Volks,2453227661
creckus1k,Christa,Reckus,2830578821
ddevenny1l,Dorothea,Devenny,4198200130
bdoorbar1m,Brigham,Doorbar,4517199355
lburrett1n,Leontyne,Burrett,4029225802
mwortman1o,Maryjane,Wortman,2053873469
gownsworth1p,Ginevra,Ownsworth,5301114093
rbudding1q,Rollins,Budding,9505479638
skeers1r,Sheila,Keers,9389552869
jtennock1s,Job,Tennock,6698637394
mcholomin1t,Malva,Cholomin,1937201163
hwilkins1u,Hymie,Wilkins,1482017520
achazier1v,Arlena,Chazier,7529190423
ywollrauch1w,Yetty,Wollrauch,3862859266
swudeland1x,Sydney,Wudeland,1269738100
fgreig1y,Fairleigh,Greig,5503538676
tdeaton1z,Tally,Deaton,4295168521
mvannucci20,May,Vannucci,1764797663
clowson21,Clair,Lowson,3224415460
aharborow22,Alysa,Harborow,8180115615
cnuton23,Cristal,Nuton,4066398642
rvasiliu24,Row,Vasiliu,2268326241
smccullough25,Sybil,McCullough,5240217017
chull26,Cassandre,Hull,9064995869
fgaythwaite27,Farlee,Gaythwaite,8207739770
dmuffitt28,Dorthy,Muffitt,0996939326
acraighead29,Annice,Craighead,2114690504
dwoodham2a,Dionis,Woodham,5849667865
rgreenstead2b,Richy,Greenstead,1516148614
wdecastri2c,Wilone,De Castri,4879126659
sdaton2d,Skell,Daton,3673815857
vhedon2e,Valentine,Hedon,1745328432
gdun2f,Gretchen,Dun,8112113335
dellor2g,Devan,Ellor,5083457717
lgive2h,Lew,Give,4743732395
tovey2i,Tracey,Ovey,6352820808
tsiddon2j,Tamarra,Siddon,0557869749
bdent2k,Bord,Dent,6790152393
kscoullar2l,Kathye,Scoullar,8356742102
nquin2m,Nikki,Quin,5696544983
geads2n,Guinna,Eads,1194419933
mbrotherhead2o,Merla,Brotherhead,6693937527
ioverstreet2p,Idette,Overstreet,7753376659
emoodie2q,Edy,Moodie,2575173078
mfolger2r,Merwin,Folger,6980159941
